img_name,lung_area,vessel_area,ratio,type
a92250092977903dc4899e2c78a864de,44076.0,1002.0,2.273346038660496,2
c7898a97fe0a8241d4dc41d4d78c65f8,37875.0,9503.0,25.09042904290429,2
6611eb425d2327264ca5491c4416f096,32170.0,3373.0,10.484923842088904,2
1fab53df781f012b034c079239c7d66f,34439.0,2665.0,7.738319927988617,2
9610190462bc3cff89611ccd8d386806,37490.0,5200.0,13.870365430781542,2
71cbb8705ae731df3361a207928a7281,43231.0,2028.0,4.691078161504476,2
ab18a79bc9d908d3ea39f356bf5fa58f,30265.0,178.0,0.5881381133322319,2
a2258f632bbbf7ef4ceb1f1ecdac2115,40420.0,2352.0,5.818901533894112,2
1a39925cc94fe306588823fb7a49e3ce,27784.0,779.0,2.8037719550820617,2
86d97b6be85ee4d9f7359c3265834bdb,59110.0,1692.0,2.8624598206733207,2
f257984e05a2325c99693e5bec8c77d0,44679.0,1261.0,2.822355021374695,2
04cef476a6269bd513d8a3b461392dd7,52564.0,1775.0,3.376835857240697,2
7bbe60a26d4e877861fa6f5c2ed9be58,54995.0,4075.0,7.409764524047641,2
cdd2892069cab537044a08102147b95f,46059.0,2423.0,5.260643956664278,2
ff2ac1ff5312e46271821e478226f479,57352.0,1645.0,2.868252196959129,2
0a9465dc68d5ca3462d38f30f25b3b1a,18936.0,5179.0,27.350021123785385,2
8955debbd20691d0e1729b6b02af9bf3,42741.0,4285.0,10.025502444959171,2
33cde201d0ca5599be4b788863cc188d,33018.0,14970.0,45.33890605124478,2
0f3544b3f9e0dcf8ced4b4a9c97f3e17,36101.0,1715.0,4.75056092629013,2
262f1add31e7dc79bc2d2c664326ccf9,29633.0,3805.0,12.840414402861674,2
89fb57b1fcf2857f52641d1d702fdabc,23381.0,449.0,1.9203626876523676,2
d74e74830532d7bfe57e6a77befad80f,36774.0,8056.0,21.90678196551912,2
3c6d3372e2d750866a453a6a82520bc0,40836.0,6510.0,15.94181604466647,2
87d4cd34c55417aebf5c25a20192ea6f,45788.0,4412.0,9.635712413732856,2
31c0ca3b501acb4a02cd213bbc867d44,42626.0,2076.0,4.87026697320884,2
e2db19d84d66115f9b51885ea6954835,31269.0,4522.0,14.461607342735617,2
e1bac5724010a7c343b9af453ad3707a,47519.0,2949.0,6.205938677160715,2
6c8d94879ab6c1674b119ea2c218ed7f,51228.0,2224.0,4.341375810103849,2
7180058080d17bffb74fb573487b758f,31827.0,2410.0,7.572187136707827,2
badfe14a0f2146060471d532cb17575a,36540.0,3634.0,9.94526546250684,2
873e457668fe6396964d6dd918ad0924,29627.0,3213.0,10.84483747932629,2
cf2e809e7aa6fdb7ce9ab70e9df9501a,39922.0,2145.0,5.372977305746205,2
37d7dcd6fa64d13f8420e33fa0c49264,46117.0,2413.0,5.232343821150552,2
2ecf2c2513f89c325d8984a9d8d7a0bf,29688.0,8152.0,27.45890595526812,2
234d3add8cacbfbdb7dd8130a94a0c2e,44553.0,15156.0,34.01791125176756,2
e03040ce7c70a69ae318b23778e61814,26537.0,7021.0,26.45739910313901,2
57acfd967163c58cd8e35ba776b72c9a,22357.0,1662.0,7.433913315740037,2
fb8c41b76697fc5ea6290245879cce9e,32940.0,32784.0,99.5264116575592,2
ad5f021ab01b5944be19f68da2d4e402,56626.0,56220.0,99.28301486949458,2
2e00aca6779c442208521ca599e7d409,39436.0,1516.0,3.844203266051324,2
216a5c03a8f6ae199efb89cd6455f293,46866.0,4850.0,10.348653608159433,2
7091a13fe626c3de42d8dc7297618fa1,36909.0,3913.0,10.60175025061638,2
fcf6e9b58f406f9f3fd0fbee927729ef,41935.0,7891.0,18.81721712173602,2
00594b13a82adcb8ef713e8852002f48,39894.0,919.0,2.303604552062967,2
698b4f5a733bbf3e4e4f6d4984540e02,30442.0,3965.0,13.024768412062285,2
e2bb11b05f2350ce32dec1699ff252f2,41353.0,3625.0,8.76599037554712,2
e148078f21d1b89ca7ea077531cd617a,23774.0,7014.0,29.502818204761503,2
57ad94189515dc051368f0bf73bb8cfc,35438.0,6182.0,17.44455104689881,2
b8fb5caa0d4ee93346d8b50ada3143b7,34686.0,7322.0,21.109381306579024,2
e043041df7506696ba84a4a4dcbda981,39265.0,7865.0,20.0305615688272,2
0be885cd4bc8a453d7bcd1fa993298de,40447.0,10176.0,25.158849852893912,2
736b314d2beb0cd2a41222625c4f7f7c,21014.0,5719.0,27.21518987341772,2
0b2f84ce7efa2ef7d877795219825fc9,29300.0,2874.0,9.808873720136518,2
f535cce9977c11b20b1127b4c436ff1a,24362.0,3720.0,15.269682292094243,2
d81b1ab5e51c0bc51691c03fc186361f,31514.0,3341.0,10.601637367519196,2
d2b8ceb6421817af177e504d04c61b52,24545.0,4583.0,18.671827256060297,2
833799d03b7b0cae1b4ec4795fd8387b,28821.0,2692.0,9.340411505499462,2
51b1a51037849febc13c5b5c3398e3f9,31759.0,5340.0,16.814131427311942,2
e4b02e67d3f9c73664882495ea7bee4d,40521.0,6673.0,16.468004244712617,2
504384a1328c75aa8f45fa7622447099,35424.0,2604.0,7.350948509485095,2
fb33f0252ec3bf2c5562b2b8a63e6e54,34703.0,3429.0,9.880990116128288,2
4e2686a5d080993640c3cd4e183cc0a0,37194.0,5738.0,15.427219443996345,2
4e881b257800c2ea79e0778d9e330847,30432.0,8811.0,28.95307570977918,2
7e6ef58f607365197d860fcd1926b617,53211.0,3608.0,6.780552893198774,2
3fc2c40a27262a6cc4c85e97e16a070d,43450.0,4811.0,11.072497123130034,2
c9d4ca85dae916c90b89ba56244cbc7c,46615.0,3223.0,6.914083449533412,2
f97911601f32167b48ae595233bcfbd8,39742.0,3331.0,8.381561068894369,0
b85b4022b5889fe2ea670c43d5c50847,53098.0,1985.0,3.7383705600964254,0
39e5f03f8177f7138c3eb723bed9ac24,33259.0,1064.0,3.1991340689738115,0
521e0455fb48e006d03f17d8472f5965,55256.0,1391.0,2.517373678876502,0
02f0befbe0c2273ea23f67254eb67d14,47127.0,986.0,2.0922188978717084,0
de1835df55611434f0469a184c2f832a,58413.0,1390.0,2.379607279201548,0
1568d3a0251443028650a180328d84c6,47006.0,2481.0,5.278049610687997,0
828815e66c1c994229c204ed377f4902,52653.0,3113.0,5.912293696465539,0
ffa2e1be0173063dee86fc219a4bccc7,50459.0,3836.0,7.602211696624983,0
08ab4e3e49aeda8dd824f8ab9050f054,44056.0,2293.0,5.204739422553114,0
5af1c4a7300d248b9ae9f373caa1063f,39062.0,3356.0,8.591469970815627,0
a42c797b13b9a16091fa1db060f374db,38337.0,1135.0,2.960586378694212,0
a877b70425d2f57d34c49c493817bc75,46107.0,2430.0,5.270349404645716,0
5ef869c6d0070f83a5621a3f1cc64ae8,54066.0,1935.0,3.578959050049938,0
454c64d433fbf47f78bcc0a084a85b03,42844.0,1084.0,2.5301092334982727,0
64e7a26fc85798f83ea61ee003d74cfe,32060.0,1942.0,6.057392389270119,0
f6b034b394c9d1bf8df79abb107849a0,48722.0,1288.0,2.6435696399983577,0
52a9856bab0635ff231958cadc883e47,51818.0,2085.0,4.0236983287660655,0
33e31da8522c744f0bfa796f4777481b,40805.0,2250.0,5.514030143364783,0
17cc10184129bd315a817da27f158764,39492.0,3437.0,8.70302846146055,0
734ab7aaeac639756e863df12b563c50,35389.0,2632.0,7.437339286218882,0
ae88080997c3cf654805f3f4c2aa4f45,36403.0,1486.0,4.082081147158202,0
84d57827182ee793c723047c290ba71f,51434.0,2201.0,4.279270521444959,0
0b190be2da19fc48da8600468980fbd4,44580.0,1571.0,3.524001794526693,0
927e131c854c774d16f7df6a018c747c,55790.0,1590.0,2.8499731134611936,0
6f4f5d0532f693c3f4b69e01cab4e432,49551.0,3231.0,6.520554580129563,0
005206a0ebc5bdccadf916c5c10a1d57,52332.0,3237.0,6.18550791102958,0
0ff320c8f4158e980702c75ea7acb878,47878.0,1009.0,2.10743974267931,0
c64904bc6a15478a6ff1ceb99b7beb22,48123.0,3459.0,7.187831182594602,0
30404223c0c193091b4e2f9ce000472d,59604.0,1317.0,2.209583249446346,0
8b4a6c84f05b2301cc4b5b02111aae51,46008.0,3348.0,7.276995305164319,0
01a177ab1aa02674d7409159d331dbe1,51356.0,1089.0,2.1204922501752472,0
d97bae2c9d757dc3a94f644733cb7a28,54238.0,1075.0,1.982005236181275,0
d272fb8a1e94e0b2753f8f461497cf8a,43309.0,3634.0,8.390865639936273,0
a44da9ce03dad3e6a2ffb3248a6e34d1,50632.0,1268.0,2.504345078211408,0
3fe866eea4ae2a27ab8d6994d8a1329c,40637.0,2558.0,6.294756010532273,0
e5be68ad4ca062e9ebb29b363337bd8e,49055.0,1379.0,2.8111303638772807,0
06d80879a9b65194371f0634b1b26d92,52677.0,2357.0,4.474438559523131,0
52892e6267d31e64f2fe9b3202cad2af,49781.0,1096.0,2.201643197203752,0
a065d2d7f5d43f5a36fc7c68d0927746,50176.0,1957.0,3.900271045918368,0
c30244f7d8dc265c6ef2823e78758875,54276.0,1541.0,2.8391922765126387,0
fbd300bf45334bf406cc98770b91950f,47157.0,1681.0,3.564688169306784,0
c11a8c35ca67d533d8a6f6329b6526de,38839.0,3528.0,9.083653029171709,0
ad6b05ad3dbc28dc388fe0b0d827b6a7,46114.0,1895.0,4.109381099015484,0
5ab730e26576c8bae09523825e41f591,45234.0,1079.0,2.3853738338418005,0
379bfe69e105b3c3e0c4075f5f93b586,27553.0,1697.0,6.15903894312779,0
ce865346b3529dbd04df4a5ce395874e,43984.0,1936.0,4.401600582029829,0
10a549deca542bfcc016df505070bb00,44684.0,1570.0,3.5135619013517148,0
1fff05610924a04456be4045070e7266,41653.0,890.0,2.136700837874823,0
3556f08732cf9d8380c10f6d4970320b,41231.0,1148.0,2.7843127743688,0
2268ed6cef2214cf70c3175b0033d5c7,41830.0,1672.0,3.997131245517571,0
d2594e3124a4b2d760299123cf81e5e7,43022.0,1767.0,4.107200966947143,0
6a5ebe62757be6a3a3406e2d5b834718,41310.0,800.0,1.9365770999757927,0
325107156459615a62090861754bf652,53900.0,1727.0,3.204081632653061,0
4f37feedcb0ed8d2c892f414d12a5574,35332.0,1222.0,3.4586210800407566,0
b3cd0af6b0e8ae004daf9c7483007923,46269.0,1685.0,3.641747174133869,0
e3075691d166e95c4e442a478944d2ec,50325.0,2625.0,5.216095380029806,0
ce6d6dffc90f6b9e78489790141ce355,48560.0,1777.0,3.659390444810544,0
06ede034ac9fdc2527633625b5810b0e,44531.0,4711.0,10.579147111001324,0
d5605477f9f013961be3674d75fb8564,44339.0,589.0,1.3284016328739936,0
d624bad8469290cd6065064aa3405ca1,48164.0,3296.0,6.843285441408521,0
f723f7d67d11bd3518c4710df8a37b82,54659.0,1331.0,2.435097605151942,0
cc3e3889e1e7870763d33d0d9d48993f,36485.0,1686.0,4.621077154995203,0
315624175b3ac7be361f94d53494eb8b,50874.0,1059.0,2.081613397806345,0
e81a1145c462bbe0690d48ff9e9985b4,35396.0,1414.0,3.994801672505368,0
88d875c27816d9b7e262df7874d8d1df,33296.0,1283.0,3.853315713599232,0
a3c8f9cea35dbb3670dc0e693898fa46,52475.0,3289.0,6.267746545974273,0
c598c62446628e5c97e76cdff9c47b58,35261.0,3596.0,10.198236011457418,0
59a67c1df3504ba9236e9fe13465868f,47400.0,2817.0,5.943037974683545,0
83d3c62bd647adf1a37a48587ad73ba0,43245.0,2234.0,5.165915134697653,0
bf5b8942e8d76f3c1328278ee470df12,56929.0,1950.0,3.4253192573205222,0
f151113f14a48d265b5d041965aa276a,43282.0,3447.0,7.964049720438057,0
e05db5df03d5c8d0ff62a3988a51d8c8,49056.0,1975.0,4.026011089367254,0
11dd769831c248993fa0bb4b5459b126,46513.0,1395.0,2.9991615247350203,0
7ea146f8a695cbc83c506d5e2ff9c7cc,43350.0,3413.0,7.873125720876587,0
231868d394314ef38bce6b07cbe68c91,59432.0,2392.0,4.024767801857585,0
e652e123588c2d4ca258a12fe58bd7cb,39553.0,2313.0,5.847849720628018,0
83229eb63b220c5aa9858f27a4505b11,57271.0,1787.0,3.120252833021949,0
a97e545326e976ae294bf00531f52e35,47365.0,1849.0,3.903726380238573,0
cd03fd6a73c3795c5c63c3db2ae26796,47445.0,927.0,1.953841289914638,0
d7a2456d490b6de12a96858ed759aa92,38946.0,2653.0,6.811996097160171,0
1cbdf45d4b9e5178690967bc4f0afd25,57677.0,3845.0,6.6664354942178,0
199d74872f2688d0335067306b5d6ea0,57214.0,1704.0,2.978292026427098,0
c635dd30e316824c5066ffab60798ec0,39745.0,1572.0,3.95521449238898,0
b13dd08d67834fb24b266b38306ad93e,57728.0,1798.0,3.1146064301552108,0
463e4d6e82305e567b27eb73d82fa649,37051.0,1453.0,3.921621548676149,0
5bb7e86eecc0b1ff0aafbb6dda1eba5a,44839.0,2492.0,5.557661856865675,0
01f04225a19279e7922e769874262904,53396.0,1806.0,3.382275825904562,0
53f035525b38e6a96bcc8cca768be710,54978.0,2686.0,4.885590599876314,0
6b2f12f257e43449f4114ae7fb66e97e,44896.0,1325.0,2.951265146115466,0
2b68f99eb4e1729f89e82a7fb3e0114f,50647.0,1276.0,2.519398977234584,0
2e83826445e3ae45162c1eed56fd3b50,37205.0,884.0,2.3760247278591584,0
46668618c62d06667c3f8affa642a5a5,38341.0,2075.0,5.411961086043661,0
e1027bd2de31efb620ecf9551fea3f31,47007.0,2336.0,4.969472631735699,0
d75fa5fe8ea8566d55b38a7bf0770c51,42666.0,1270.0,2.976609009515774,0
1e49387546689490005a70563ec9bc56,36044.0,3019.0,8.375873931861058,0
8219594044b913c1f758cf4f5aa2efa6,57350.0,1549.0,2.700959023539669,0
3097953959ace77e84eb259b7e582a0f,56730.0,2949.0,5.198307773664728,0
5ea04f2585af6cf9e23202c5f2dc0307,45648.0,1331.0,2.915790396074308,0
3949e916d71519a465f2c457537e7d1e,56496.0,1874.0,3.317048994619088,0
b9e05f1882966fb2bb10a5465e2eb476,30973.0,1533.0,4.949472120879475,0
4334df22084e61c6cbfc958f2edc179d,36543.0,973.0,2.662616643406398,0
96c39b67f6739ee9df25315997b6da9d,52143.0,1719.0,3.296703296703297,0
2bcd63a84fdc4ecd7885b66606cd8d79,58151.0,2344.0,4.030885109456415,0
e8ca24439be3a11524b481cc20d18b18,41922.0,2211.0,5.274080435093746,0
c8ebc76fff7f468e53a6b3cc0be73732,59682.0,1249.0,2.092758285580242,0
f8452cd145565b335440137a6def0c57,37013.0,2261.0,6.108664523275606,0
7bb157ebb36aac5ec4d16412b5650591,56046.0,924.0,1.6486457552724547,0
1c1ad9098ccdc277a6097f0d863a30a4,51532.0,1765.0,3.4250562757121785,0
38f95ce9247cb906a00576029ec43bf9,48584.0,1973.0,4.06100773917339,0
d3c58fb734e74e6a04b4cb58ba8e7b9e,50739.0,3507.0,6.91184296103589,0
a4315ea51687f2b1652e5e82540479c9,54295.0,2045.0,3.7664610000920895,0
1fd2ef849df36e70fec6b876e7446b5c,36462.0,1391.0,3.8149306126926654,0
e47d4a22922e9a150641b426edc2b49b,54088.0,3513.0,6.494971158112706,0
64f578c911ce72ebc9854d3604d75c75,46710.0,1841.0,3.941340184114751,0
4e230094a802a7e1b988365b2e2234fe,42824.0,3224.0,7.528488697926397,0
bf43d63efe935e0864e989031676cc34,37341.0,1142.0,3.058300527570231,0
05bed2d99d169fdb9791c55fc374266c,48067.0,1713.0,3.56377556327626,0
08a783d93dcca629734fb4fcce7e7862,46505.0,1405.0,3.0211805182238467,0
a97204e7d176d0e0e9fe0f623ab6f61b,37559.0,1306.0,3.477195878484517,0
9a6f670a64e5768a6089b8b1414e3d49,59747.0,1410.0,2.359951127253251,0
d972e3dd428a88db74e059223cc50989,41563.0,2436.0,5.860982123523327,0
e8a900116959d12e479895302a2bcc34,53440.0,1681.0,3.1455838323353293,0
1f6991c07db402ff6380221a8ef8bbb5,40604.0,1996.0,4.91577184513841,0
d4a40b1e5c9fb9eb6219274835f6e950,54627.0,1768.0,3.2364947736467315,0
9d12f50465861a4cc8d0404a20747931,56211.0,3653.0,6.498728006973724,0
196d7d8b84f722bb97d19a2c14ea28b6,45982.0,3379.0,7.348527684746204,0
e4cdd5290573fa8d72ecb8e752ab9bc6,46176.0,1079.0,2.336711711711712,0
79600feac5aec25f6eca1b96cf59caa4,49326.0,3584.0,7.265944937761018,0
6b4cf464cca83c89b7861cac5c666a99,52653.0,2637.0,5.008261637513532,0
514823a6e1867486e11e46087af3d5cf,54295.0,2868.0,5.282254351229395,0
2e0e247aefdda58a51bf3a0e4c4d5916,54346.0,1377.0,2.53376513450852,0
f5ae43bc6f45b034327e46e7f28f4d16,48863.0,1222.0,2.500869778769212,0
0da1010d706a1363d76783d755b7f9e0,43397.0,1044.0,2.405696246284305,0
280b7968a3c77aa7cc963497cfcd693e,26322.0,1185.0,4.501937542739913,0
7c5c34d25f653d75fd3469d0f6c35cb8,32920.0,2755.0,8.368772782503038,0
61cfe20015eb511fd1d7d6ba97d1f025,53872.0,462.0,0.8575883575883576,0
bbfc9fd1329e3cfa02bb58c36b68d8e0,51736.0,1675.0,3.237590845832689,0
b74d9015b3e45ae6f2609b7e934c09b5,50041.0,1663.0,3.3232749145700526,0
09442cfc588e77528e5e4cd1339561e1,43611.0,1685.0,3.863704111348054,0
078f9652a5937c55258ecb3ec93c0c1f,40807.0,989.0,2.423603793466807,0
55c5cde2cffce7d388af268a55559d94,28116.0,551.0,1.9597382273438613,0
0a6724c6fc9929e9c92748eb1386accd,39472.0,1601.0,4.056039724361573,0
b954755ae14cb27fccd3087a16d974f8,55332.0,1962.0,3.5458685751463888,0
0f0c1457ed0c31f09227a19ffaec1a8a,49249.0,1252.0,2.5421835976365004,0
c5321f16ded0052224e9f2c51f1fcf15,44531.0,3916.0,8.793873930520311,0
240951bf8f71bf33d06d0fc1ac2586ec,47454.0,47368.0,99.81877186327812,0
41a9f969e395b0db5880a9e63c38171f,51679.0,798.0,1.5441475260744209,0
7ca0c27d89c7583f9a45877571341226,35247.0,3540.0,10.043407949612734,0
e20dd2839fab34aa281d055de663ad77,54743.0,604.0,1.1033374130025757,0
a18951ddade3880f848b029bf6bfae6d,53726.0,946.0,1.7607862115177009,0
fd38592a65e68fee2c6ed9eaac0e4586,42792.0,1426.0,3.332398579173677,0
f30009440535647ce062528c6def1bb4,53224.0,1661.0,3.1207725837967835,0
5e92c9ac87d956a948621a677faad3c0,55948.0,2927.0,5.231643669121326,0
0c5c9036fd696d3ab6902d58381465e0,43189.0,2758.0,6.385885294866749,0
edae4eb2df86fcce8c8085f72a872f0b,57988.0,2960.0,5.104504380216596,0
f9ac3252352432c1031e7c86c9112c5c,42357.0,3693.0,8.718747786670445,0
91c1b388f4b295fc80868784fde7334f,48694.0,2221.0,4.561136895716104,0
199e8b2a046235976e22554defb775a0,55414.0,1872.0,3.378207673151189,0
55138ed7cf9410eafdb2be1d0b21421a,49700.0,2937.0,5.909456740442656,0
b0b8648da0acceb3b7326a206c25ea9f,46540.0,898.0,1.929522990975505,0
c6be16bf9e9affc8d3966e6beb0a1a5e,35600.0,2987.0,8.390449438202246,0
0da71a7c13b75f55f87b852f9cce6d31,34839.0,961.0,2.7584029392347658,0
50073e989a39b6edc7e4ac5c0c72d022,45145.0,1516.0,3.358068446118064,0
ddb817ed5f99eae3237c40e1eb2577b8,35250.0,1721.0,4.8822695035461,0
f9b54c6c8d8213a04318da7667213bca,58199.0,3137.0,5.390126978126772,0
cf6561ee22913a273417a0075d18d91c,53575.0,1249.0,2.331311245916939,0
b974e15e35ac6b03a7f4670f7716dab4,51710.0,3158.0,6.107135950493134,0
c07a92fb4bc5a1756f9f35638cfb6317,44551.0,1869.0,4.195192027114992,0
4b10978eb62181e64c6a924386f7f186,42672.0,3380.0,7.920884889388827,0
547d7476b4b4322a646d102ffcf0e466,53727.0,2208.0,4.109665531297113,0
7f50296bc24fbb8a2e7e42b579fdd26b,49722.0,1663.0,3.3445959535014684,0
5480a335c2fc7bbfb60b43c4d4b62030,44826.0,2434.0,5.429884442064873,0
28297d4b3715a12f677c1a83243a0653,40322.0,1656.0,4.106939139923615,0
843d92e2024400582aa7752a6d68e460,56162.0,1496.0,2.66372280189452,0
a5b606d7dd735a78ca11970a4ce10e13,41119.0,1945.0,4.73017339915854,0
910083aaee46af21f7c88a6283a9b5d1,40249.0,1075.0,2.6708738105294545,0
322816ab5ae49787c73612a5aac26705,56109.0,1164.0,2.0745334972998983,0
4e0de855cf6128db1606d7f12543e4a4,53417.0,5409.0,10.125989853417453,2
6b79babd91e6376cf8df9bfd061d117f,32788.0,4833.0,14.740148834939612,2
7ba901ec3d27a8ece1f0755ad7440a62,41587.0,5626.0,13.528266044677425,2
2209c683485fd23ca5425934665b97ee,28878.0,5232.0,18.11759817161853,2
7b28f7f2fb83db4b2496c90f268b67ef,23098.0,2985.0,12.923196813576936,2
a4abcf22956022702c2f5c5a28751082,39920.0,6146.0,15.395791583166332,2
ac2b4e1cf72053e51bdabdf0127d2fc3,38920.0,7291.0,18.73329907502569,2
a11225fb71209abee80f7ab17428c389,31387.0,3248.0,10.348233345015451,2
eb7ed26a8ea700efeed5c574a6e35ab0,56296.0,2176.0,3.865283501492113,2
21b3501e02f99bd8ab67ca9ef5ee3836,32504.0,5850.0,17.997784888013783,2
06a646a71c27fe7fe62869fa84ff202c,39403.0,3119.0,7.915640941045098,2
a5f7b6ab4ebb6b6a9d7cf8932c0f5d2b,42031.0,3910.0,9.302657562275463,2
3dafb66f2431fa031881ecf21dbfbfbe,39430.0,3565.0,9.041339081917322,2
61f342d56554c5ca9bb1c044f54e2458,31455.0,141.0,0.4482594182164998,2
bc7619c2c892b241e30961e1098e2fff,43752.0,4360.0,9.965258731029438,2
aea390894ea6a48412ff1bfb7091ad87,41466.0,3430.0,8.271837167800125,2
37ad1a2f832d9ff1383b5e380c7861f6,43379.0,2127.0,4.903294220705871,2
0d3f5d1d4c937485679bb9e16ea9e14b,39406.0,3665.0,9.300614119677206,2
5436c1451be7015ca2e16fe4319c7447,36033.0,9650.0,26.78100629978076,2
df24a393b6996cb78cfd45017fc7373c,53708.0,7641.0,14.226930811052355,2
761b51ef8e5cfba046cf849a96ff9b6b,30082.0,3861.0,12.834917891097666,2
83e592baa2920f42b277e4b65a2b67e8,28500.0,4210.0,14.771929824561402,2
22812ab521e9980f941ae28a7462561b,53224.0,3165.0,5.946565459191342,2
640e5bd0a9bacdf922b0924fa9757540,42843.0,3184.0,7.43178582265481,2
7d4214e167f2047318f66361415329d3,51614.0,7955.0,15.412484984694077,2
f5b69264c83ea81e606c488c4a46b5c6,28773.0,6852.0,23.81399228443332,2
f276c5fbf3040138592b545fcd1592e4,26186.0,3995.0,15.256243794393953,2
574e611cfd8ca95500958673a3232c61,51478.0,6423.0,12.47717471541241,2
408b5acd2a8d7405a9db1a09fb9f936d,27180.0,3812.0,14.025018395879323,2
1859384eff153076123673d7c54e7daf,58266.0,6045.0,10.37483266398929,2
25d17622c615149ae0c9681cb385fd3b,32795.0,11145.0,33.983838999847535,2
f1df6f6aeb199b91ff51a5cd979e8e4f,43939.0,1685.0,3.834861967727986,2
f7beef42392dd32cba659eecca0a4927,35599.0,5820.0,16.348773841961854,2
e55806f69196714e87bcd8e9a4567d60,34850.0,4737.0,13.592539454806312,2
7b1ec9101c77625bfd9c81f1c839abba,52676.0,4455.0,8.457361986483408,2
68065f5ac19ed43faa8a51511bbd3f40,44835.0,6755.0,15.066354410616706,2
26f29b95f2754e03fbb0ad3cd9d4b8a9,34794.0,3382.0,9.7200666781629,2
ee27bdf7de526d440206fb2687aef846,46890.0,3363.0,7.172104926423545,2
1cb55c83db3b8101294d2d6be72ca273,23606.0,6509.0,27.57349826315344,2
c14fed3e5dd4dadf2ce380974ef0d2b9,31629.0,3712.0,11.736065003635904,2
798e58674858a202dd181ce06b808dcf,47857.0,2544.0,5.315836763691832,2
a602ded370e4e6e157d728d5eac32bc4,47244.0,3316.0,7.018880704428075,2
82cf299eff7564bb56fc3422b4727a79,37590.0,2099.0,5.583931896781059,2
2fddeec7ad3c6a86d27996ed2c9472b4,32025.0,3870.0,12.08430913348946,2
5262ba3a9a473788f139f2549ae89e79,32268.0,5163.0,16.000371885459277,2
6a22bd6426a23102ae295b1657e4b84f,43518.0,3287.0,7.553196378510043,2
714a146ae2b3403ad7483172b6b74e1b,45115.0,13531.0,29.9922420480993,2
e34be0ca053bb3d451b870e5cd576ada,34764.0,5781.0,16.629271660338283,2
d78e31ad9178a9dab47a2fcc46a9cca3,43556.0,6611.0,15.178161447332169,2
e4736c30a3aafa2738ca0deb01dc06e6,36228.0,3507.0,9.680357734349124,2
cb63467c026a0ab055e4598fb5d029f6,32951.0,6249.0,18.96452307972444,2
f6e308b16f0068ab9f57f487a6e80298,38508.0,4978.0,12.927183961774178,2
d764c0fa793a066f274a501007d612cc,23904.0,7984.0,33.400267737617135,2
fcfae6b75a301b4604883d2967fdf9d3,48079.0,3536.0,7.354562282909378,2
ec81deaa1dc1a28beeeb10f98b1015dc,47816.0,4445.0,9.296051530868327,2
ed4c59916eacf5dae52f8436c87c3f27,38736.0,1643.0,4.241532424617926,2
116b498b1b28e02aab2dfe7e1bae16f0,45783.0,9864.0,21.545114999017105,2
6d22434939109cda97486b0fcc6c3166,37048.0,3339.0,9.012632260850788,2
24ffed5c36af268d85635174ea97188d,21692.0,3774.0,17.398119122257054,2
1aa1f48afee83ff939b785aa33d40e37,54675.0,9777.0,17.882030178326474,2
9dbdd48b7fcc7fc6386c993f6154c0bf,32300.0,3486.0,10.792569659442725,2
eaf6d9396e364a2de282c8dd9618f1e7,17338.0,4020.0,23.1860652901142,2
c83497cf850f2cf5c33aa72e6b9862cf,24050.0,4121.0,17.135135135135133,2
c97d4883b8db63afceaab6e121d7f6a4,33338.0,10543.0,31.624572559841624,2
deee3a19fb0d8db6267ae0c7bda5e6e2,37979.0,1629.0,4.289212459517102,2
918ac94d716d61517d05adadfabe8f18,23346.0,3194.0,13.681144521545448,2
be15342c14b6e519f43d808ac9539408,25409.0,5785.0,22.767523318509188,2
3e12721c6764423664c9378c976d8574,19271.0,3532.0,18.328057703284728,2
a890e55e2b08d04485deab68e412e26c,19909.0,4925.0,24.73755587925059,2
1c329637c84f0dca55ed92e29904b64f,22033.0,5720.0,25.961058412381423,2
b4da7f7b12e81ad3788b7e1533ef177e,55848.0,1887.0,3.3788139235066605,2
44a973fa6f890506d7795887c160c261,19130.0,2998.0,15.671719811813906,2
51bad565afe3270e1229ee405a7c212f,54904.0,3930.0,7.157948419058721,2
8491c8f1f425a81ff90121cf61790262,32744.0,6506.0,19.869289030051306,2
0c3f81bbe20b8e0a0e59dbd1fee14289,32703.0,3247.0,9.928752713818303,2
f80d817ea11f2536f8601c8f9ef30c67,23702.0,2771.0,11.69099654037634,2
b11b8cd49df406c4bb29421c448bf03a,44242.0,4931.0,11.14551783373265,2
c7d616debc27f4e86e29eef6e1504582,29852.0,2490.0,8.341149671713788,2
b9d35af31878e2a3c4f9c283082a2788,18828.0,2924.0,15.530061610367538,2
11452164b80c19782225301bd78ce386,35459.0,4097.0,11.554189345441214,2
a56e8376c841175ae06bf0fe72786a4c,33280.0,8525.0,25.61598557692308,2
949cb3cb4cd8a861d4db9ea42a242bdc,39037.0,10844.0,27.778773983656528,2
1d7d1c9aa5ec25af968a4b4637118631,41055.0,3715.0,9.04883692607478,2
96ddfa12206a74684042e85d48f43ff1,41638.0,2188.0,5.2548153129353,2
5c3251603c023cb40a840db8930d5d7f,30327.0,5497.0,18.12576252184522,2
15fbf09ba95c81ccca5e06c25e493fb4,49520.0,4559.0,9.206381260096933,2
632862832f0a5993adb6c90b11742217,23338.0,6929.0,29.6897763304482,2
1f6ce2f24c5caf1cd417fe8919fd7ccd,39265.0,2211.0,5.630969056411563,2
d92fefdb32eb112eeddc7513cccfdc31,35725.0,2694.0,7.540937718684394,2
bb2534fef920ca567d918d22bc270602,37934.0,4806.0,12.669373121737756,2
29783f319f2688212678a9fe645b8da7,23688.0,5424.0,22.897669706180345,2
f1307eb3c73af8ef7305a9825628deaf,40559.0,9711.0,23.9428980004438,2
29d946f45a31172ac8ac619034122418,32728.0,4259.0,13.01332192617942,2
1200245743e6c5d7c577baeae51cc5fd,12003.0,1893.0,15.771057235691078,2
92bb6f6ad6e4af553dfce6a67272acba,30081.0,5573.0,18.52664472590672,2
d8add1e1f0eb6efa2120e3a02e39a367,36510.0,4740.0,12.982744453574362,2
c7ed2039fe3a969dd21cc89c50433fc0,31510.0,8238.0,26.14408124404951,2
7b71a4da1453481135c21e9c325a77d2,43758.0,4816.0,11.005987476575712,2
528d0ad689b2fddcdc5b4ff299957194,41949.0,3747.0,8.93227490524208,2
4639cad3e547218f4b2f78f399bc7b60,39659.0,11022.0,27.7919261706044,2
5e1b699256a202fc9e1f14fba2b176b4,31337.0,5959.0,19.015859846188214,2
34a4c4928f7295993a8d6cd3cbe26c64,25817.0,3209.0,12.42979432157106,2
9fd896ee2fc424cae449ff9f1ec0f259,31803.0,3434.0,10.7977234852058,2
487a84263793627f5af92e5c56a70012,42647.0,4932.0,11.564705606490492,2
39751ca3a8d88f4a864490932e2dd616,56736.0,6137.0,10.816765369430344,2
c538e53c8322cd636d6c318320f0eaa2,30373.0,3726.0,12.26747440160669,2
740fe1a4ba7512693ac74f5ec6d41ada,37602.0,10485.0,27.88415509813308,2
b9d2688702a9136a22a58a24340a6017,38383.0,5592.0,14.568949795482377,2
63842fa194ef6f6f6dcd0194ea02f981,26178.0,9982.0,38.1312552525021,2
582aa4a0c9d4919eea0b0d6b7a7c91ac,48054.0,3867.0,8.04719690348358,2
a8bd08f33d0e07b5ebb2c216323c58d4,36666.0,5695.0,15.532100583646976,2
a457682c7ad4b1349a239cb3b2efadc2,17726.0,5138.0,28.985670766106285,2
e81b055d4ebe1515c689496bc5af14e0,34723.0,3578.0,10.30440918123434,2
2a141e8d9bd9d1330da93a21e572bdb8,19952.0,3693.0,18.509422614274257,2
0c4a6bf71ed676da4d042dff0c593d86,36149.0,3380.0,9.350189493485296,2
5885450662f335d90eedde3d17ad195d,47302.0,6084.0,12.862035431905628,2
935a22aadba4a4b79bba1008bfd790c5,55677.0,2271.0,4.078883560536667,2
f724366aef214458b33257368a6a8455,30221.0,9927.0,32.8480195890275,2
b1de9af962371acdc05bb70ed2c39add,29305.0,7303.0,24.920662003071147,2
5bf593f8cc6189b6c29bf23987c3b13b,46595.0,8457.0,18.150016096147656,2
112b43fca7781609d7de4aae62b0017d,34865.0,14309.0,41.04115875519862,2
139a11fb66a282d8dbdbd09ff2c2aa0b,24375.0,4790.0,19.651282051282053,2
db45d2e7aaa70cb0610b8395a0c5b624,40479.0,9556.0,23.607302551940517,2
e3469028160260b484382d453918ad37,50629.0,12225.0,24.14624029706295,2
70b1eaaa82610607557d4c75c2d85c12,53520.0,9631.0,17.995142002989535,2
7a82231ba6eb391ae8ee57219356da26,35801.0,9275.0,25.907097567107066,2
13af517b11dec1ab4b237bc73566714b,22907.0,4669.0,20.38241585541537,2
c37e943e93a2ec507e1570072b9881c5,33783.0,3488.0,10.32471953349318,2
3fc574d5ca36eeb3dd8bd4d3e194164a,31164.0,8517.0,27.32961108971891,2
5a05c728ed18f2230ef009984d561518,32780.0,2534.0,7.7303233679072605,2
09774eb2abac7e9a8278b6d53b715d13,21021.0,5859.0,27.872127872127876,2
e398f95375685aac4ffffbefa46d1750,49727.0,10084.0,20.27872182114345,2
2f76c928706d10ef324d46f905fa57cb,26001.0,2171.0,8.349678858505442,2
5562ae5343cf9d5a0057392b29a80b38,55141.0,1827.0,3.3133240238660893,2
c312afc9507ed5a0639935985654ee5f,58133.0,3056.0,5.25691087678255,2
21664b048b349c885b11caca6b55a9f2,20744.0,5304.0,25.568839182414195,2
7581a66c5fe68864812e89e1a81ea000,44179.0,1391.0,3.1485547432037846,2
82ad938bc834374d1578bb254c961143,40737.0,3439.0,8.441956943319342,2
2d7c9f846ce950bb5572b6b75df6ba1e,30144.0,3048.0,10.111464968152866,2
7332a650b08b57730b4a4af6eb6d7eb0,12767.0,2882.0,22.573823137777083,2
ca551c632c9d1f1d675d097034b83380,46861.0,6328.0,13.503766458248863,2
e2240826dab11d0c38b4a86dbd55a1a7,59007.0,7369.0,12.48834883996814,2
2d6a0119b5a9c7ddbaf615c70b9abc8e,46245.0,3872.0,8.37279705914153,2
7b777d65fb2467ec30a0f0f73f460edf,38026.0,1010.0,2.6560774207121445,2
6d499126eeade160f32c01614105241a,32707.0,6402.0,19.57379154309475,2
21d27cda61ae0c62eb1607bc9be380ac,32313.0,1368.0,4.233590195896388,2
33e32b79056865e3a66ce815ff3bce95,40462.0,1538.0,3.801097325886017,2
283c4e761ba6864e6b45a6f1b9236cf6,43652.0,4612.0,10.56538073856868,2
b65cef42b261ab79b2ed018073b22a23,51844.0,1306.0,2.519095748784816,2
29d35bc13f1f668a5669c1d2c718468b,39113.0,2187.0,5.591491320021476,2
864aaece27d37913e76c9784bb0d43ea,45134.0,3444.0,7.630611069260425,2
33cf78a82e5d1f3a98931b3fe5d31a40,45114.0,3180.0,7.048809682138582,2
dd527c2948e35d47c16f3189997860e2,49482.0,4115.0,8.31615536962936,2
169537e79901f317d79c7fb3a96f2e40,19264.0,1011.0,5.248131229235881,2
868eb2ee50b1b3fbdb0808ff6c280423,48397.0,2337.0,4.828811703204744,2
9efe7091f1b8dc6186db93ad012d0e61,54081.0,3217.0,5.948484680386827,2
392ba610f60b3b1da45b31a4c5e185ac,49361.0,2650.0,5.368610846619801,2
377ab9f4bd43fd733274abd5743cdc3b,46971.0,4380.0,9.324902599476273,2
34f176220811db567db9c27885ccc10d,50466.0,1312.0,2.5997701422740063,2
351fc4b10cb32031750a19335e2fee55,35236.0,2163.0,6.13860824157112,2
1d5861bace960dca05e6cf4542d94722,44397.0,1139.0,2.565488659143636,2
282d9e95da885b9f4d62c65c8ef26dc3,45383.0,4121.0,9.080492695502722,2
60b0db9d2d205ac0448ba3c042fb343d,29439.0,3677.0,12.490234043275926,2
6f302602f4734faeb5299d33f7c2c691,50230.0,4916.0,9.786979892494523,2
26fef22db61a4220bbff29e6b378d823,50297.0,1792.0,3.562836749706741,2
3358f6023ba3615a8e92555aab0a87bd,39899.0,6961.0,17.446552545176573,2
81be43816eff6a912c22ecaf07677db3,29374.0,2362.0,8.041124804248655,2
abf4503fca12b3f6062b30d67389c38c,40594.0,790.0,1.946100408927428,2
3f1df78c7bb2a933606d6e04256cff4d,21067.0,5737.0,27.232164048037216,2
9dbad4d66558679dab3d9b975b482c24,44709.0,8521.0,19.058802478248225,2
f020d4b76f46770e95809ee8cb388a4d,38784.0,3553.0,9.160994224422442,2
1e9aa73fc9db81e318218854f07748cf,35249.0,2013.0,5.710800306391671,2
22e18e1670169164f359a5412e1a8f2c,22123.0,5879.0,26.57415359580527,2
4faa3f4d33e1a17daf3405ce6b386242,41538.0,3094.0,7.448601280754971,2
a8d43e21735adcf810c416e403fadc82,45167.0,2775.0,6.143866096929173,2
7cdf05d265399e5fbe5fae71e00c1696,26994.0,3822.0,14.158701933763057,2
8800b89dd4260a1716d44359307d4af2,50584.0,1688.0,3.337023564763561,2
482fa456dd7ca07a429ef5590de39cb7,40382.0,3813.0,9.442325788717746,2
64085e2421b8ac90748d0252d77d413e,30963.0,4009.0,12.94771178503375,2
f163dfc0594fa21e22cdea36c4da6cea,36291.0,3383.0,9.3218704361963,2
f632d98b351dcc9bd5384e656f4c2457,40488.0,1149.0,2.83787788974511,2
697cb29b1326ce9492099174ce025e99,49419.0,3042.0,6.155527226370424,2
0a6dbee5b8e7755da06c0a5d9832db82,48777.0,1403.0,2.8763556594296493,2
4a02975cabdc0de2d20ccb7ed1eb0938,49065.0,1168.0,2.380515642515032,2
ff04b59135e3a3ed93ff5c2ec42335b9,33379.0,2479.0,7.42682524940831,2
1fa3eb882a248f006f6956bcb074d907,39138.0,5018.0,12.82129899330574,2
5e12d5dd8aec84fa1d501eeb4b543d1b,47224.0,771.0,1.6326444180924955,2
0cc25a889f6b55ab5fe996c070754008,34096.0,2795.0,8.197442515251057,2
22e5a5a86e72cb9efcbd29c851d00e99,52447.0,3491.0,6.656243445764296,2
662dece11a117adf207db8d8be82459d,35173.0,2880.0,8.188098825803884,2
6cb46bfd0eabefa34c76df99d66041e0,52598.0,3166.0,6.019240275295639,2
8bc65c8fb3c28a5046f23ed49f972384,39865.0,2658.0,6.667502822024332,2
3c132ecae5bf503df6b8b3f5c426fd42,49729.0,1951.0,3.9232640913752537,2
72f200a8ddde4f9be5fe36d0a994d14e,44513.0,3056.0,6.86541010491317,2
f23cd4776f30c309cf3f7919b6b6ab25,44426.0,1591.0,3.581236213028407,2
b9ffc8e59780c236a6be2dc4afa06643,55859.0,3561.0,6.374979860004655,2
f255bc4468fb8a4fc82e3c0ac638aeb8,55797.0,1786.0,3.200888936681184,2
8db9457ac902af14c9770b4458ae37f4,39045.0,3168.0,8.113714944295044,2
84184d1d85bfa59ace6fdd46f69d030e,15067.0,2201.0,14.608083891949294,2
fe530ae50f13c28776a4a08adbf69243,38102.0,3633.0,9.534932549472469,2
59e46b5bc781f7b1fd7874cb875b6a01,46997.0,2268.0,4.8258399472306746,2
e2a893f6efde3ae6904d7d8901dd8edb,54072.0,1412.0,2.6113330374315726,2
375a6050dc8a5f127e07deec93987562,43845.0,1216.0,2.773406317710115,2
ae8a869a0a93e82964bedc247b29496e,59316.0,1617.0,2.7260772810034397,2
b22062a4ed86e4c8fedd293c58858430,32968.0,1216.0,3.68842513952924,2
c4fa46d486bc1e2a218c4637ef114557,26418.0,2754.0,10.424710424710424,2
53d7f6332311b9bb8465a1c9c31cbdcc,34542.0,1833.0,5.306583289907938,2
fc8d0b10897e67d38cc876a86165f33a,35381.0,1902.0,5.375766654419039,2
78621113f2d1a07203583cf2d6c9920b,55003.0,2705.0,4.9179135683508175,2
415382d84df4d125ce432d0548942b71,51410.0,4210.0,8.189068274654735,2
7c5d2a14f0810106d823913d44ba9df5,19403.0,67.0,0.3453074266865948,2
e4888eb41f1226d8456bc10fe182e621,41437.0,4695.0,11.330453459468592,2
7162510a0501498ac5adce767d59ac1f,13099.0,7291.0,55.66073746087488,2
9bd1e077ac77db13615706754cf3c2a9,43936.0,1573.0,3.5802075746540423,2
d492b3214077e0d5e0d37f8a553169b2,29374.0,4525.0,15.404779737182542,2
ee2dcf001c84d7b9d949775836f4afff,50742.0,14069.0,27.726538173505183,2
e4eeb74775239a9684439335ee71a89b,27269.0,6730.0,24.68003960541274,2
e19ec52d0470a07c1412c326a3cd409a,55981.0,5075.0,9.065575820367624,2
cfaec047808ec28fa8b0397aa82b609e,27173.0,4400.0,16.192544069480736,2
62e922b03ed7ddac72d99edb2cb84746,54163.0,2241.0,4.137510846888097,2
5ad9a71205291f9e3e25936565144059,52217.0,6873.0,13.162380067794013,2
f4b73bd32c66c64b15324d7c80fb786e,23855.0,6436.0,26.979668832529867,2
e0c91564c5cb592b4b2e46c6873a9980,34650.0,5544.0,16.0,2
15860d43a21716b97c265b613a4b4d40,19336.0,2893.0,14.961729416632188,2
51d748d27c9f9f282756668cea70bc24,26809.0,5841.0,21.78745943526428,2
f66c59c48a8a71dbc56a1da7e3233a28,57982.0,34234.0,59.04246145355455,2
36b0db0387a3f7b477a08741f116411a,17634.0,7413.0,42.03810820006805,2
a38652e464e9228454d871e6ebd65502,44307.0,8491.0,19.164014715507708,2
19dc6bb20da1999c5cfc3f5606b67770,47770.0,7820.0,16.370106761565836,2
0c020d4864d298357b7af266e65232e7,25218.0,1312.0,5.202633039892141,2
40a35406ad65de6ad9d4656e2c581210,35423.0,3210.0,9.061908929226774,2
ee11b2e0ebcd083aa080bac93bef27de,41460.0,4463.0,10.764592378195852,2
d80f0ac3ab1aaf5fea2c8d632d1da620,46566.0,9912.0,21.285916763303696,2
93bfcc758fd4c86e23462428eb9530a9,49174.0,1853.0,3.768251515028267,2
3c2a501f2d427d52ffec1c3d1e41e17b,27502.0,9266.0,33.69209512035488,2
52f64b0f51c000ab2223492ad7afafd9,48235.0,2544.0,5.274178501088421,2
b4050cd35cfeb8ee90655e448b4fe978,28750.0,4151.0,14.438260869565218,2
5e06d25f06aee7a5bad85819ed95bb29,12603.0,2067.0,16.40085693882409,2
654c038501732a5239194ad206cfcec5,37755.0,5403.0,14.31068732618196,2
1965b867bd05ea28c245f46f0e4bfdd0,26534.0,8885.0,33.48533956433256,2
f3369a3111b2c7027250de0c40eb593a,34477.0,2945.0,8.541926501725788,2
57808bcfb3015ac51777d2f8a3e28a09,42731.0,8161.0,19.09854672251995,2
2e5833ffd5ee5685c46902dfaea66011,24639.0,6349.0,25.76809123746905,2
22c453c409811a502b9844214ae4df9c,33833.0,5114.0,15.115419856353263,2
8b4b26bd8ba2986cadc9ee77c7560f37,37986.0,7154.0,18.83325435686832,2
a3190b02940b497f9d11d37c09782e93,32147.0,3683.0,11.456745575014777,2
b810af4321c199bc3a742f74bca2f1d8,45192.0,5820.0,12.87838555496548,2
5730c5dbad412b1e6a4d80e8b97bb3a0,17417.0,2051.0,11.775851179881723,2
02a5b12bcf87b2f6968f5a38e529d952,28039.0,12409.0,44.256214558293806,2
8efb0146a82d0aa0ae207951daf9740d,26855.0,3710.0,13.814932042450195,2
fb1def610502f9dc02e1376da8899b9d,21103.0,5776.0,27.370516040373406,2
443784bd388b26d42085b806e553d2ab,59321.0,5831.0,9.829571315385785,2
3f57cea69014953d678822c5e1026586,26625.0,4499.0,16.897652582159626,2
6faa88a80a49622a599438f08458c602,12973.0,2843.0,21.91474601094581,2
5796054d328c352a880ab78b94085e57,26286.0,4425.0,16.83405615156357,2
4fe51703f39843e3a2c249db9ca478a0,55225.0,19817.0,35.884110457220466,2
d14ed975852a9273202cf5dfe0977f66,32951.0,7500.0,22.76106946678401,2
068a70b95a0591601e167387d944940e,48593.0,5841.0,12.02024983022246,2
6a4cac1a344b6064af687f6e2a14759c,29519.0,5660.0,19.174091263254176,2
47bf966a650cabce0b77c48c90465342,34198.0,2514.0,7.351307093982104,2
30b39d7a966ceef44ca1b299e3972c3f,37404.0,4980.0,13.314084055181263,2
3c45c38545c037fcda820fbef1deef73,22948.0,4353.0,18.96897333100924,2
1e2a369abc05c9481cef327ce95f6f37,40224.0,4380.0,10.889021479713604,2
2734753d0bcf16e018ecdbc31a23ed92,23698.0,7038.0,29.6987087517934,2
0dbce025b350014de7cdd040fdbe1fa3,45389.0,3157.0,6.955429729670184,0
e8983d7663ecb58dd2a26e490aed91b3,52869.0,1178.0,2.228148820669958,0
4fc222c4ffd8b07e7cce694e864574f9,57299.0,3800.0,6.631878392293059,0
98520f267a1932df752d2fb531cb0f18,40997.0,2229.0,5.436983193892235,0
61b4151a63b422252fbc60c3bc634d99,41393.0,1615.0,3.901625878771773,0
a02179ed42e650297b0241e19f70d008,59971.0,3920.0,6.536492638108419,0
7aa5697f9e39982776a2c0a97cd233d0,58372.0,1053.0,1.803947097923662,0
e9972f0db5194d4f49e3b5d81dccc09c,46368.0,2778.0,5.99120082815735,0
580837dea37834c37cfec95a9260c87c,57121.0,1255.0,2.197090387073055,0
fb110f82535e88c8885bdbc1456abc00,50334.0,1968.0,3.9098819883180354,0
2e2a3cdfc4a917852f69bfdb266f11b6,47054.0,1863.0,3.9592808262846937,0
72fecb6d4bd148bc68e073bf08c10527,35831.0,1343.0,3.7481510423934585,0
996d544ec56b1731b279b1f2995bc04b,53448.0,3733.0,6.984358628947762,0
72762976629edfb75f1c6c8d1f5a9fa4,44879.0,2313.0,5.153858151919606,0
8fe7ba5cd80eb63319b671bcca37ec02,31519.0,6795.0,21.55842507693772,0
d51b40591ff839224dad26435df33d2d,44294.0,1399.0,3.1584413238813385,0
48acffc5e91a0414c6acd4a86dd92285,42313.0,1564.0,3.696263559662515,0
1c4208d807f5508e8469ef4305ee7b9f,45365.0,1304.0,2.8744626915022597,0
994fb3b800db4f27dd0fcd2596eeb24c,39176.0,1778.0,4.538492954870329,0
67ba353943d210cd0cdc05bd0df49518,39564.0,2467.0,6.2354665857850575,0
073d467b681314a8984c877bd6c5c624,26030.0,3400.0,13.061851709565886,0
5ff9c6bb6764e9fcde1a965eefd52f5d,50478.0,1517.0,3.0052696224097626,0
fd97c26b570ed16162d26367b441d510,51822.0,1619.0,3.124155763961252,0
df6f244c3af474619425b59d41d59b04,41173.0,1063.0,2.5817890365045053,0
31cbbeac6d02034c9494ff03e3e8fb70,48803.0,1216.0,2.4916501034772454,0
ee42927b5c4bc4327025a6568dc52f9e,53717.0,1737.0,3.233613195077909,0
f41797cc3fc97f32d3dc5fc5c0f8c835,47041.0,1850.0,3.93273952509513,0
746a06bd2ff17c4d57c3e1aedf47a212,43587.0,1147.0,2.6315185720513,0
115c6979da935d57e205f8432d0e5b17,51122.0,3561.0,6.96568991823481,0
f1f4cec46cf8591021dac95ca5cc3a48,56871.0,1540.0,2.707882752193561,0
c3b88476639dacce8e0e570b43a18636,48062.0,2289.0,4.762598310515584,0
2cc63ab234110c7ef25a68e2d0778005,53605.0,1560.0,2.9101762895252308,0
c44827efe3bbfb3bad23da2cad8ab11f,45384.0,994.0,2.1901991891415475,0
a68a63b43152fddfe8bf2690c00c8cf4,56951.0,1395.0,2.4494741093220487,0
c288c0181692f45bedcbd1642dd2f6d5,51763.0,1129.0,2.181094604254004,0
9b4a9fde37a89d6711de5a61b413dd29,39127.0,2622.0,6.701254887929052,0
f640ca25763746f92a7b323925c2ea75,51565.0,2664.0,5.166294967516726,0
4aa3bc2da9e73bf7c3dde96add932ec9,58321.0,2480.0,4.252327634985683,0
dc0c306c7370fa516bf3d2a4a4bc1814,38827.0,2118.0,5.454966904473691,0
602169476d99558021bad21ef6e8a94f,44540.0,1267.0,2.844634036820836,0
2b87d39e50abd4d23f7778fcccce8c97,38678.0,1372.0,3.547236154920109,0
8da7492b98e1427c33fb22e2b8b42d0b,35553.0,700.0,1.9688915140775745,0
0e85bcdb2bd97633703b1dda47bce932,49479.0,2682.0,5.420481416358455,0
93bfad38a506741c7d6d8dd14fd6dbd6,43995.0,1263.0,2.870780770542107,0
494fb426b2637c3edcd3f597d0b316d9,53317.0,2417.0,4.533263311889266,0
62f4e53c34fe27b9457bff8e3cc6224b,46679.0,2694.0,5.771331862293537,0
44facd7ccb2d873995cf345d4636696c,29904.0,1496.0,5.002675227394328,0
25c6f352fc088e038f696778fb9f718e,36192.0,1209.0,3.34051724137931,0
528ea801f34d387720c5b81e408d57b1,56307.0,1571.0,2.7900616264407625,0
343c064bae4f0a574988b7a390f9fc79,51776.0,1270.0,2.4528739184177994,0
7a3fb2280c18ab4933aba3cc0d68eb8f,50187.0,1275.0,2.540498535477315,0
edf0d23d2708ce8b9701e561f1a09a4f,47352.0,2820.0,5.955397871262037,0
509c757eb6cb76d98580f2def5cd6a0e,54612.0,2969.0,5.43653409507068,0
9deb4e5143c437500f1bc3ab2a916227,57159.0,1877.0,3.2838223201945453,0
f1891108300e0b531e74c11920ea81f2,49690.0,2503.0,5.037230831153149,0
a6a23a6ea4d2db3d81132d06cbfa2f19,52230.0,2071.0,3.965154125981237,0
805a8796bcfd4ce262ce957060ef081b,59111.0,2136.0,3.613540626956066,0
f998d6bd8341d6e5d3697480f9d40608,42665.0,1827.0,4.28219852337982,0
82fd4923e699af68957f4c233225cc3f,36207.0,623.0,1.7206617504902366,0
c6de37d9e6ef76326e9fddbb9b2d3483,46709.0,3443.0,7.371170438245306,0
4afb908eadba22c33e90cb3f2c1709a5,50361.0,1710.0,3.395484601179484,0
cff24838d258f22e704b756df2634801,41816.0,2750.0,6.576430074612588,0
6dd854c691566d03e8d416a1ae8b896f,48204.0,1191.0,2.4707493154095097,0
2385f062ff3f55abf69f8969ae500ddd,58179.0,2179.0,3.7453376647931385,0
2b54974f79629a062e4c6d7dd0435a27,42423.0,1659.0,3.910614525139665,0
f1d0ac113337327cc40a19b7fdc85b5d,38563.0,4784.0,12.405673832430049,0
73e9781777f5caad2b05b80e700d2495,43476.0,706.0,1.6238844419909837,0
583736e02e311ea0489e9acffbd07177,48617.0,883.0,1.8162371187033344,0
e753e1b6208a14ea327044a92a3cc5bd,47935.0,47365.0,98.81088974653176,0
f6da6844848d926f0b7af5e9bdf7a530,41113.0,956.0,2.325298567363121,0
78953f0dfeb1546d69f2e84d56630a69,50336.0,3406.0,6.766528925619834,0
dac5674a11c7a046eca12a2a292893b0,44316.0,3156.0,7.1215813701597614,0
c254dc91f471b6b4db9d5710dee940b1,44621.0,3079.0,6.900338405683423,0
dcba05f62c37d7e62ff14c00a978d31a,34868.0,4062.0,11.64965010898245,0
defb2d2dec37dfcda55c952bc5aecb0d,36748.0,1865.0,5.075106128224665,0
7e023023b3e24531c0efb26a830ad9ff,46329.0,1257.0,2.7132033931230977,0
b9c6987227b4a7482610549d71f8b7b9,30165.0,3046.0,10.097795458312614,0
85ee8ce69207be11877a500d94d2f84e,20190.0,1029.0,5.096582466567607,0
c12761c268d5b0234b8a70db8c52a7cd,44575.0,6064.0,13.604038137969717,0
df0a98c9ce2880a05518fdb85872cde7,44473.0,3324.0,7.474197827895577,0
36b0104c6a1061bba81765e704efc0e9,29087.0,760.0,2.612851101866813,0
b5bfbc76890ed2320e6598fc162da527,43282.0,2971.0,6.864285384224389,0
fbe24abc34a62a6d82e93cc87555b499,38907.0,1843.0,4.736936798005501,0
da367e360980d6b70275d0a8d60f1176,38519.0,2213.0,5.745216646330382,0
617fe05d57d1dae85c4d021678c9712e,49682.0,1525.0,3.069522160943601,0
525f57439b1f56f7a0ed28730335e099,47154.0,46606.0,98.83785044747,0
cde48a68fe4431c25a332ae52051f704,44970.0,2460.0,5.470313542361574,0
32c39d4f06517a9e21404a25f76ef3bf,36156.0,3300.0,9.127115831397278,0
28f86e0263dc26e897a8dd28186bc37e,58651.0,1496.0,2.5506811478065163,0
7d9801d2ba221e045ac05094c05544a1,45114.0,3315.0,7.34805160260673,0
694e9d7dfa9e15359f093b4aad391baf,42496.0,765.0,1.800169427710843,0
32fb3534b066903a4a75ab18cdf4237c,34981.0,3046.0,8.707584117092136,0
a9d6b0e766b01b11623cd11ea807442b,46711.0,2283.0,4.88749973239708,0
be572d97319e997e36252db61799a254,43999.0,2242.0,5.095570353871679,0
61de4524bf36c1e34a0f423618eb8535,38388.0,3035.0,7.906116494737938,0
8cedb4762ed9a308b55946c1c93c836b,40888.0,1537.0,3.759049109763256,0
ec48dc9ace0beeacfd225546a1902560,54246.0,1552.0,2.861040445378461,0
0401942e63f81ce00d04c6a27e88e0ba,47021.0,2524.0,5.367814380808575,0
ab85a0c259a9544dc20c2373f53ac49f,55148.0,905.0,1.641038659606876,0
f98fc5d921709acd9a39cb9e7d5a64f5,35842.0,2078.0,5.797667540873835,0
2dfd20d1ccdd9232203fdcf1ece62ef4,54888.0,1854.0,3.3777874945343247,0
76f9b193a506229faf60e2a8ba642255,36372.0,5474.0,15.050038491147037,0
d1c7b2880de1644ca16b81b2d5d4aaa7,25950.0,5389.0,20.766859344894023,0
fb45341a21bbf3852a771edca68a3c01,28426.0,9900.0,34.82727080841484,0
aa788edeba43f7063dadb97e34cf8108,43821.0,831.0,1.8963510645580888,0
4b981c47eb98eed523890153291aee9d,55765.0,4081.0,7.318210346991841,0
56dd6eb259e50013f5db00b4f6aa8bf1,35178.0,2744.0,7.800329751549263,0
7640cf093c30f749c27504b738a1b1dd,33013.0,5862.0,17.756641323115137,0
fdaa9f8b6b4e157c2616530e7fb6a530,31117.0,7760.0,24.938136709837067,0
1cfb76e7c1c2c34e5a511df6c57a0bda,44891.0,662.0,1.4746831213383529,0
33af2033348a6cdf2b1d462eb5b5bf23,47256.0,3459.0,7.319705434230574,0
a0b6366e317bf78132b05acf31a574d3,44330.0,2130.0,4.80487254680803,0
0ddc53c98acd8d93e16f5dccd3f4366c,42887.0,1932.0,4.504861613076224,0
183b5bbf4569fa7bbab083f173e71556,46524.0,1100.0,2.36437107729344,0
181c00a311a3e6f2221fcc2c2a38a82b,54573.0,1484.0,2.719293423487805,0
58dda2f839f29754440c8a41a5741e92,35974.0,2502.0,6.955023072218824,0
1a5b0919bc3b2aa613247637382ce0e4,27814.0,1773.0,6.374487668080822,0
ab54f35280cf99ed17d1609d0ab41a16,27998.0,476.0,1.7001214372455176,0
afad0510ef56c00b6f195016f8a942cb,41063.0,2032.0,4.948493777853543,0
55d80a3410c7597db6bbc62cb16925dc,43559.0,7997.0,18.359007323400444,0
3ca0df5632701ec01416d5c0b63d2013,56233.0,1885.0,3.3521241975352547,0
530d5d7d0f2c4798da1b8ccfeea31ed5,25966.0,1440.0,5.545713625510283,0
525ffcb1215c8ac00dc02ea51ade9f99,30858.0,2815.0,9.122431784302288,0
853d40b2ebb751331d33924726d73d41,45980.0,5451.0,11.855154414963028,0
9db3a192e10401060ff0b657696d8677,35464.0,936.0,2.6392961876832843,0
f0429a1d2d7f0c7a383ae6654f8119d1,43837.0,1290.0,2.9427196204119808,0
377a021335c5c888d25c9b9a2fac4b13,49044.0,2179.0,4.44294918848381,0
1d8e102f0e9f59a56aa7dab705358760,36660.0,835.0,2.2776868521549374,0
23dd0531713f499b587d1144429fa7a0,49377.0,1564.0,3.167466634262916,0
12fc400d5546aeb34051c111729f152a,38628.0,2232.0,5.778191985088537,0
94f92a6628e3aea44131b9df8379e469,46698.0,4569.0,9.78414493126044,0
cd1636df280735f5bc81758426bbd69b,47091.0,1865.0,3.960417064831921,0
d4542ee93114c30d53ef8d86ada49132,34426.0,5154.0,14.971242665427292,0
5cf0ce796054e0ff74015c8560b2eb41,47202.0,1906.0,4.037964493029957,0
ad18ede90b06fe5ca0d35a1f70a18f46,37419.0,1890.0,5.050909965525535,0
90f0e21e45f8489756268ea3ee60a54a,38177.0,3960.0,10.372737512114623,0
c3751ae857fb6f2f548ceda5bca8e4a6,32183.0,2138.0,6.643258863375073,0
434ec520148cb249935a9682bb393951,41476.0,1746.0,4.209663419809046,0
fcf0e5fa56889a50e69d82c138149f5b,58916.0,1868.0,3.170615791975015,0
905a33a0ee247a6c24461dca511fd89c,44571.0,3145.0,7.0561575912588905,0
28e7511aed19686ef43e536480687813,51883.0,1743.0,3.35948191122333,0
f7abac7595e982c1f372cb5a7f8e00d9,49361.0,2647.0,5.362533173963251,0
1fcc277c67581074eaae5c73c491dda9,37568.0,3253.0,8.658965076660987,0
0a5ae8fe03befebae7ea5effacd2a997,39791.0,1697.0,4.264783493754869,0
f5d7e062c5cbab57740730a586ebc1e3,32391.0,1348.0,4.161649841005217,0
017ea87d2d56707fea1a946e830b2a27,35589.0,1425.0,4.004046194048723,2
551f0913e2697f17c5f0b0f3e931c076,40793.0,2274.0,5.574485818645355,2
e056adf6f57396687dbcd686dd40d0aa,52719.0,1799.0,3.412431950530169,2
5965217acb7a017e23159cd7bb285744,38365.0,578.0,1.5065815196142318,2
698af68cad46203669b5d6fbbe406ebd,47042.0,3234.0,6.874707708005612,2
a380f4def2d445605e56b46d79c7d1e0,51065.0,1246.0,2.4400274160383826,2
16affe495a2aa25cfa21bc45004707f3,27795.0,3298.0,11.865443425076451,2
866fec7a5c8b15d8fb586bd92e85f964,37668.0,1696.0,4.502495486885421,2
ab9547d50e2c4e758b9041a1ec0f6520,47775.0,2842.0,5.948717948717949,2
e36f018204e18d4d90d7e6fbf6af9f01,31781.0,177.0,0.5569365344073502,2
03f64136f8e4a10c4026ea16c45dfd34,40520.0,2793.0,6.892892398815399,2
bbc288453e5e2a10fc1b31a7e3045963,44071.0,1458.0,3.3082979737242177,2
e76668af81e63b75528ddbcc764e300d,39486.0,7050.0,17.854429418021578,2
8946f3f5091b5643004043967131a34d,55671.0,1357.0,2.437534802680031,2
ccbc95862d83cc28329b4f8f8a508f44,28794.0,1666.0,5.785927623810516,2
156190437c7d183508c2de7e6f14f8c7,41324.0,5522.0,13.362694802052076,2
1fd5e818e5c9a93e6865d9ea33e3449f,45831.0,1353.0,2.9521502912875563,2
e49671e7d672fa62d0dcf21efbf2885e,41616.0,2523.0,6.062572087658593,2
c02c163c138e971ce0beebbdf5794a7d,36132.0,5755.0,15.927709509576,2
057701b539c4974e224f5b194e987c36,50969.0,2094.0,4.108379603288273,2
5b3d6aaa3b1d747550b4da23a83fcd80,40214.0,1308.0,3.252598597503357,2
de0570530bed0b65d40fbeb3d0cca96d,46593.0,2007.0,4.307514004249565,2
31172faf3b78640021bbad03372f4aab,37125.0,1228.0,3.307744107744108,2
15d2ff1b85e358ef9bb9288abdecdab3,50459.0,1067.0,2.114588081412632,2
e85a506dd88cc2addfcc78f63c25deb0,48259.0,1497.0,3.1020120599266456,2
43827bcc1a9ee416923a607ac641c6c0,44247.0,6957.0,15.723099871177707,2
b7a943d3573f110f8678037f3364c9a1,34194.0,1892.0,5.533134468035328,2
00456bc9f4d07f19edd3ef6e7c804a34,35605.0,836.0,2.347984833590788,2
09b374dae0b451cdcb134d2cec676a7c,38770.0,1231.0,3.175135413979881,2
0cd0b4325a46fd9a9a1913a26121d92d,37014.0,724.0,1.9560166423515428,2
f011ec833563d96f415ef8a2bcf47009,29971.0,2631.0,8.778485869674018,2
07eb6abff53a6e68412f26dbc2c8c17f,50989.0,3087.0,6.054246994449784,2
19823a27543fd1e98c87714010a3b68d,51069.0,2007.0,3.929977089819656,2
d9be3fc16eac005faeccc196c1a1e1bc,47397.0,2455.0,5.179652720636327,2
e764426d2eb2ebbda667d0d741f86a20,30167.0,14602.0,48.40388503994431,2
5feb02aa6a3d4301722d8c0b0dcc6c64,33017.0,2153.0,6.5208831813914045,2
c8f70da593d431ae93bb25a3cf9cb391,46873.0,2058.0,4.390587331726153,2
034bae6c75f1fd63b4e294b0f01ac6f7,48289.0,1665.0,3.4479902255171986,2
266d930b751d49e69df5631eacb9326d,45783.0,3187.0,6.961099097918441,2
1c54bfca743fcf86a9fc9fada232f5a8,45617.0,1631.0,3.5754214437600016,2
df2d44a998dd7f659bcd21832d22b939,38953.0,1042.0,2.675018612173645,2
e3b1e0819eeedb30f26a2544eadac2a8,31456.0,3399.0,10.80556968463886,2
6aef45c423201b0a2326baf079b42459,33410.0,3866.0,11.571385812630949,2
00e7b746b9ff0e478b748e712700204a,55810.0,6051.0,10.842142985128111,2
be061e1969a96e6fdc746886bf7da52e,34685.0,1101.0,3.174282831195041,2
764450f31f819b428cfcfca93294afb6,36723.0,3030.0,8.250959888897965,2
0d5f3f877d6704dfd7bcbecbbb9509e9,38102.0,2374.0,6.2306440606792295,2
8a94e0320329ea1e104947bf4e9a4ba8,49886.0,1083.0,2.1709497654652608,2
fd7caf89a50df81a224b0b044912a6dc,43466.0,3156.0,7.260847559011642,2
349ca1994b539d60451d8ee349a5cfa3,52382.0,2466.0,4.707724027337635,2
4fc04767d819862ca55f8fb135e0609a,30892.0,3956.0,12.805904441279296,2
05066a58099755700297b2ce64b7a8b3,47913.0,3956.0,8.256631811825601,2
f3a492086e3a4b822e24bc2ac83e52db,27979.0,2685.0,9.59648307659316,2
c483dbb16e4eeeaf1e4f5521ae4004e3,50740.0,2606.0,5.135987386677178,2
e52a59097ab27e9dc82a3c1929f834b7,55845.0,4441.0,7.952368161876623,2
c1b85823c3ef07c93237a5a8c806257d,53183.0,788.0,1.4816764755655,2
6fa033940fc41aafc51760690170e60f,48916.0,1734.0,3.5448524000327093,2
4972fb48625e8074e71371d175ab5e1c,53331.0,3990.0,7.481577319007707,2
e2e1fb3a4c4d5a20878eec4b4dd057ae,39616.0,3711.0,9.36742730210016,2
46fbd570d316789b0364de07e581eb9b,45619.0,2593.0,5.684035160788268,2
320be423409a271abb63314d5b193a66,44325.0,3621.0,8.169204737732656,2
030947a0a1b181fd302e6eec2cb316cf,37789.0,3249.0,8.597740083092964,2
adc91308050e58f0caaade9603558be5,42700.0,3410.0,7.985948477751756,2
ed17cd9acc15ed83e401a546dfd97d59,41443.0,3371.0,8.134063653693024,2
fc81b3adeae2fed22d493967e11cd23d,10956.0,1219.0,11.126323475721064,2
00726e50455adb1b8d84297af277ae12,34206.0,5075.0,14.83657837806233,2
50e00734459685efce00b266437032b0,24682.0,3549.0,14.378899602949518,2
210f351a44c6d137197ffac56046a12e,53776.0,1661.0,3.088738470693246,2
ffe94995622a1566cae7c126205b0139,36650.0,5045.0,13.765347885402456,2
b773d151bbd4f18b1091437ada0644e5,38438.0,1114.0,2.898173682293564,2
96bc49efdbf1906a4a5882aba04efeec,56022.0,1468.0,2.620399128913641,2
9e11133a0eef52019488a34f552e5dd9,53752.0,4270.0,7.943890459889864,2
0a0f0ad9686115b35e34df9a41443473,56201.0,3695.0,6.574616110033629,2
f13a2b12348fff0b9800d6f49f911f0e,36109.0,2327.0,6.444376748179124,2
454e9ee1504a8e49ffa605f1ca0b19d1,37513.0,1419.0,3.782688667928452,2
c5c3e406e96198e4c19377db797e1756,51132.0,2485.0,4.8599702730188525,2
4f54ff1233e3c9d5f123355afe9174ca,40465.0,4434.0,10.95761769430372,2
26ffe96a70bad6674c2d14247bb13c99,26069.0,1037.0,3.9779047911312286,2
b684d4b3424ea520b278516b51d79c02,33699.0,2513.0,7.4571945755066915,2
b0fd9758b80cc90132080bc358506d0c,50560.0,2680.0,5.3006329113924044,2
e69dfda7b59726b9f91d13974a922895,44313.0,1290.0,2.911109606661702,2
8d4ea342eb367ab7d952b50a75cc64b3,34629.0,1881.0,5.431863467036299,2
b208fcaa5210b4ba0ffa8788bd622dd7,33010.0,1166.0,3.5322629506210244,2
3ab9fb29edc7fcacb58ebe837834acb7,49602.0,1856.0,3.741784605459457,2
25d0e15dc099f5796cc73a692ebb71f1,46128.0,1778.0,3.854491848768644,2
1e19931ab5ccc11df37185150f78e372,23387.0,2538.0,10.852182836618637,2
d46be896e3396b9960d6b8a81b571582,41702.0,1770.0,4.244400748165555,2
40f26953d801c1f0d898ff1c6f1f1f30,58860.0,1942.0,3.299354400271831,2
f973c8ca5b06ecca513c7cb30b76b2c0,45262.0,1852.0,4.091732579205515,2
0111458547848a03a74a3d204132dc96,21763.0,4559.0,20.948398658273216,2
224a4959decf729faf5f4ac3dbfc468c,37644.0,1450.0,3.851875464881522,2
64c3836f8787c79e936d555514de2cd2,51561.0,3667.0,7.1119644692694095,2
7b85279db4909d8123db295e51376796,22146.0,1346.0,6.07784701526235,2
c562abbd8b053a20503c9f8618a641e8,50149.0,3073.0,6.127739336776406,2
91acb2d8123accd9ba23b5a9980d52f4,51309.0,3064.0,5.971661891675924,2
740b93a9ac0e737c9d249b5343491a9f,33482.0,11996.0,35.82820620034646,2
ca8b9f3c37cff0a1a0a5a3a6bbaf36ea,49036.0,2861.0,5.834488946896158,2
9ad76de00152c8af6334caafe9926109,41124.0,1389.0,3.37758972862562,2
734cbfad53791064ea242c58a7be15f9,51671.0,2037.0,3.942250004838304,2
ad0551bfffb64e2df3a90f9b3aa17c34,32419.0,4141.0,12.77337363891545,2
497030adf0143c510810490a946a4042,28521.0,7981.0,27.98288980049788,2
1f1d63d354fd3e193e1e5b7a5315b160,41885.0,984.0,2.349289721857467,2
8d9c40a895e006ca7498e8ae02a703d0,16272.0,4614.0,28.355457227138643,2
140b91e5e23bc874ac22495b1b9f86b6,33379.0,4856.0,14.548069145270976,2
d5a9172039fd557ebaf3e60afe4eeb4f,44189.0,5385.0,12.186290705831768,2
bd76a17ea933d5f3b6a49f3162abd7cd,32717.0,4963.0,15.16948375462298,2
31bb12500a8a9ff579e72587ba52cda0,38462.0,4328.0,11.252664968020383,2
b48fb1b807c1b208236dab74ef3c9dc7,23851.0,894.0,3.74827051276676,2
e08ebdf3eddffc0edf4dedd70b3ddbec,58632.0,1636.0,2.7902851685086643,2
7e1e76d4ec19fdb18edbd6fa2f0dd896,38065.0,7921.0,20.80914225666623,2
c40e9dc36a995c6fcde1d3685d170312,40190.0,1256.0,3.125155511321224,2
75c7af794805d9c6be938e273c299f84,17397.0,1816.0,10.438581364603094,2
28f28c2fec88630fe63c750473b700ad,44252.0,6153.0,13.904456295760644,2
11cf11d6a1cbb64bff9801d9f4676f40,42580.0,6147.0,14.436355096289338,2
e8726a67083f304ac25fb0a2fa861234,36719.0,1838.0,5.005582940711893,2
162f2f7ac7098dda38f1b5a9d83ab497,27800.0,1262.0,4.539568345323741,2
0d9c0a9f69b525ceea1b15dc3cb22f16,50525.0,2044.0,4.045522018802573,2
1b346b05ebace60205f24c80e8eba058,53611.0,3669.0,6.8437447538751375,2
bf01ef1854992c58f64ba3f7ec264cee,52291.0,4567.0,8.733816526744565,2
c492b714555a4336ae1d822c6997d2b4,37057.0,1463.0,3.9479720430687855,2
0d9ac6755dcb0d6fc5120407366cde83,27770.0,1892.0,6.813107670147642,2
1d24eaa812b29237ddf325faf0f0b15c,57913.0,7816.0,13.49610622830798,2
b623f6e7c137c3502a0781579ed8f4c4,22334.0,2432.0,10.889227187248142,2
ffb3775371258adfe1f6f6833ab10f30,13774.0,4948.0,35.9227530129229,2
6c995487b6c73a5b0cea11bfa30ab5ac,27292.0,2699.0,9.889344862963506,2
